classif2, classif2.label
"GEO_COV_NAT","Area type: National"
"GEO_COV_RUR","Area type: Rural"
"GEO_COV_URB","Area type: Urban"
"GEO_COV_X","Area type: Not elsewhere classified"
"EDU_AGGREGATE_TOTAL","Education (Aggregate levels): Total"
"EDU_AGGREGATE_LTB","Education (Aggregate levels): Less than basic"
"EDU_AGGREGATE_BAS","Education (Aggregate levels): Basic"
"EDU_AGGREGATE_INT","Education (Aggregate levels): Intermediate"
"EDU_AGGREGATE_ADV","Education (Aggregate levels): Advanced"
"EDU_AGGREGATE_X","Education (Aggregate levels): Level not stated"
"EDU_ISCED11_TOTAL","Education (ISCED-11): Total"
"EDU_ISCED11_X","Education (ISCED-11): X. No schooling"
"EDU_ISCED11_0","Education (ISCED-11): 0. Early childhood education"
"EDU_ISCED11_1","Education (ISCED-11): 1. Primary education"
"EDU_ISCED11_2","Education (ISCED-11): 2. Lower secondary education"
"EDU_ISCED11_3","Education (ISCED-11): 3. Upper secondary education"
"EDU_ISCED11_4","Education (ISCED-11): 4. Post-secondary non-tertiary education"
"EDU_ISCED11_5","Education (ISCED-11): 5. Short-cycle tertiary education"
"EDU_ISCED11_6","Education (ISCED-11): 6. Bachelor's or equivalent level"
"EDU_ISCED11_7","Education (ISCED-11): 7. Master's or equivalent level"
"EDU_ISCED11_8","Education (ISCED-11): 8. Doctoral or equivalent level"
"EDU_ISCED11_9","Education (ISCED-11): 9. Not elsewhere classified"
"EDU_ISCED97_TOTAL","Education (ISCED-97): Total"
"EDU_ISCED97_X","Education (ISCED-97): X. No schooling"
"EDU_ISCED97_0","Education (ISCED-97): 0. Pre-primary education"
"EDU_ISCED97_1","Education (ISCED-97): 1. Primary education or first stage of basic education"
"EDU_ISCED97_2","Education (ISCED-97): 2. Lower secondary or second stage of basic education"
"EDU_ISCED97_3","Education (ISCED-97): 3. Upper secondary education"
"EDU_ISCED97_4","Education (ISCED-97): 4. Post-secondary non-tertiary education"
"EDU_ISCED97_5","Education (ISCED-97): 5. First stage of tertiary education (not leading directly to an advanced research qualification)"
"EDU_ISCED97_5A","Education (ISCED-97): 5A. First stage of tertiary education - theoretically based"
"EDU_ISCED97_5B","Education (ISCED-97): 5B. First stage of tertiary education - practically oriented"
"EDU_ISCED97_6","Education (ISCED-97): 6. Second stage of tertiary education (leading to an advanced research qualification)"
"EDU_ISCED97_UNK","Education (ISCED-97): Level not stated"
"EDU_SKILL_TOTAL","Education (Mismatch): Total"
"EDU_SKILL_UNDER","Education (Mismatch): Undereducated"
"EDU_SKILL_MATCH","Education (Mismatch): Matched"
"EDU_SKILL_OVER","Education (Mismatch): Overeducated"
"MTS_AGGREGATE_TOTAL","Marital status (Aggregate): Total"
"MTS_AGGREGATE_1","Marital status (Aggregate): Single / Widowed / Divorced"
"MTS_AGGREGATE_2","Marital status (Aggregate): Married / Union / Cohabiting"
"MTS_AGGREGATE_X","Marital status (Aggregate): Not elsewhere classified"
"MTS_DETAILS_TOTAL","Marital status (Detailed): Total"
"MTS_DETAILS_SGLE","Marital status (Detailed): Single"
"MTS_DETAILS_MRD","Marital status (Detailed): Married"
"MTS_DETAILS_UNION","Marital status (Detailed): Union / Cohabiting"
"MTS_DETAILS_WID","Marital status (Detailed): Widowed"
"MTS_DETAILS_SEP","Marital status (Detailed): Divorced or legally separated"
"MTS_DETAILS_X","Marital status (Detailed): Not elsewhere classified"
"DSB_STATUS_TOTAL","Disability status (Aggregate): Total"
"DSB_STATUS_DIS","Disability status (Aggregate): Persons with disability"
"DSB_STATUS_NODIS","Disability status (Aggregate): Persons without disability"
"DSB_STATUS_X","Disability status (Aggregate): Not elsewhere classified"
"CHL_AGET6_TOTAL","Presence of children under age 6: Total"
"CHL_AGET6_YES","Presence of children under age 6: Yes"
"CHL_AGET6_NO","Presence of children under age 6: No"
"CHL_NUMLT6_TOTAL","Number of children under age 6: Total"
"CHL_NUMLT6_0","Number of children under age 6: 0"
"CHL_NUMLT6_1","Number of children under age 6: 1"
"CHL_NUMLT6_2","Number of children under age 6: 2"
"CHL_NUMLT6_GE3","Number of children under age 6: 3+"
"CBR_BIR_TOTAL","Place of birth: Total"
"CBR_BIR_NATIVE","Place of birth: Native-born"
"CBR_BIR_FOREIGN","Place of birth: Foreign-born"
"CBR_BIR_X","Place of birth: Status unknown"
"CCT_CIT_TOTAL","Citizenship: Total"
"CCT_CIT_CITIZEN","Citizenship: National citizens"
"CCT_CIT_NONCIT","Citizenship: Foreign citizens"
"CCT_CIT_X","Citizenship: Status unknown"
"LMS_STATUS_TOTAL","Labour market status: Total"
"LMS_STATUS_EMP","Labour market status: Employed"
"LMS_STATUS_UNE","Labour market status: Unemployed"
"LMS_STATUS_EIP","Labour market status: Outside the labour force"
"STU_EDU_TOTAL","Educational attendance: Total"
"STU_EDU_YES","Educational attendance: Attending"
"STU_EDU_NO","Educational attendance: Not attending"
"STU_EDU_X","Educational attendance: Not elsewhere classified"
"STE_AGGREGATE_TOTAL","Status in employment (Aggregate): Total"
"STE_AGGREGATE_EES","Status in employment (Aggregate): Employees"
"STE_AGGREGATE_SLF","Status in employment (Aggregate): Self-employed"
"STE_AGGREGATE_X","Status in employment (Aggregate): Workers not classifiable by status"
"STE_ICSE93_TOTAL","Status in employment (ICSE-93): Total"
"STE_ICSE93_1","Status in employment (ICSE-93): 1. Employees"
"STE_ICSE93_2","Status in employment (ICSE-93): 2. Employers"
"STE_ICSE93_3","Status in employment (ICSE-93): 3. Own-account workers"
"STE_ICSE93_4","Status in employment (ICSE-93): 4. Members of producers' cooperatives"
"STE_ICSE93_5","Status in employment (ICSE-93): 5. Contributing family workers"
"STE_ICSE93_6","Status in employment (ICSE-93): 6. Workers not classifiable by status"
"ECO_SECTOR_TOTAL","Economic activity (Broad sector): Total"
"ECO_SECTOR_AGR","Economic activity (Broad sector): Agriculture"
"ECO_SECTOR_NAG","Economic activity (Broad sector): Non-agriculture"
"ECO_SECTOR_IND","Economic activity (Broad sector): Industry"
"ECO_SECTOR_SER","Economic activity (Broad sector): Services"
"ECO_SECTOR_X","Economic activity (Broad sector): Not classified"
"ECO_AGGREGATE_TOTAL","Economic activity (Aggregate): Total"
"ECO_AGGREGATE_AGR","Economic activity (Aggregate): Agriculture"
"ECO_AGGREGATE_MAN","Economic activity (Aggregate): Manufacturing"
"ECO_AGGREGATE_CON","Economic activity (Aggregate): Construction"
"ECO_AGGREGATE_MEL","Economic activity (Aggregate): Mining and quarrying; Electricity, gas and water supply"
"ECO_AGGREGATE_MKT","Economic activity (Aggregate): Trade, Transportation, Accommodation and Food, and Business and Administrative Services"
"ECO_AGGREGATE_PUB","Economic activity (Aggregate): Public Administration, Community, Social and other Services and Activities"
"ECO_AGGREGATE_X","Economic activity (Aggregate): Not classified"
"ECO_ISIC4_TOTAL","Economic activity (ISIC-Rev.4): Total"
"ECO_ISIC4_A","Economic activity (ISIC-Rev.4): A. Agriculture; forestry and fishing"
"ECO_ISIC4_B","Economic activity (ISIC-Rev.4): B. Mining and quarrying"
"ECO_ISIC4_C","Economic activity (ISIC-Rev.4): C. Manufacturing"
"ECO_ISIC4_D","Economic activity (ISIC-Rev.4): D. Electricity; gas, steam and air conditioning supply"
"ECO_ISIC4_E","Economic activity (ISIC-Rev.4): E. Water supply; sewerage, waste management and remediation activities"
"ECO_ISIC4_F","Economic activity (ISIC-Rev.4): F. Construction"
"ECO_ISIC4_G","Economic activity (ISIC-Rev.4): G. Wholesale and retail trade; repair of motor vehicles and motorcycles"
"ECO_ISIC4_H","Economic activity (ISIC-Rev.4): H. Transportation and storage"
"ECO_ISIC4_I","Economic activity (ISIC-Rev.4): I. Accommodation and food service activities"
"ECO_ISIC4_J","Economic activity (ISIC-Rev.4): J. Information and communication"
"ECO_ISIC4_K","Economic activity (ISIC-Rev.4): K. Financial and insurance activities"
"ECO_ISIC4_L","Economic activity (ISIC-Rev.4): L. Real estate activities"
"ECO_ISIC4_M","Economic activity (ISIC-Rev.4): M. Professional, scientific and technical activities"
"ECO_ISIC4_N","Economic activity (ISIC-Rev.4): N. Administrative and support service activities"
"ECO_ISIC4_O","Economic activity (ISIC-Rev.4): O. Public administration and defence; compulsory social security"
"ECO_ISIC4_P","Economic activity (ISIC-Rev.4): P. Education"
"ECO_ISIC4_Q","Economic activity (ISIC-Rev.4): Q. Human health and social work activities"
"ECO_ISIC4_R","Economic activity (ISIC-Rev.4): R. Arts, entertainment and recreation"
"ECO_ISIC4_S","Economic activity (ISIC-Rev.4): S. Other service activities"
"ECO_ISIC4_T","Economic activity (ISIC-Rev.4): T. Activities of households as employers; undifferentiated goods- and services-producing activities of households for own use"
"ECO_ISIC4_U","Economic activity (ISIC-Rev.4): U. Activities of extraterritorial organizations and bodies"
"ECO_ISIC4_X","Economic activity (ISIC-Rev.4): X. Not elsewhere classified"
"ECO_ISIC3_TOTAL","Economic activity (ISIC-Rev.3.1): Total"
"ECO_ISIC3_A","Economic activity (ISIC-Rev.3.1): A. Agriculture, hunting and forestry"
"ECO_ISIC3_B","Economic activity (ISIC-Rev.3.1): B. Fishing"
"ECO_ISIC3_C","Economic activity (ISIC-Rev.3.1): C. Mining and quarrying"
"ECO_ISIC3_D","Economic activity (ISIC-Rev.3.1): D. Manufacturing"
"ECO_ISIC3_E","Economic activity (ISIC-Rev.3.1): E. Electricity, gas and water supply"
"ECO_ISIC3_F","Economic activity (ISIC-Rev.3.1): F. Construction"
"ECO_ISIC3_G","Economic activity (ISIC-Rev.3.1): G. Wholesale and retail trade; repair of motor vehicles, motorcycles and personal and household goods"
"ECO_ISIC3_H","Economic activity (ISIC-Rev.3.1): H. Hotels and restaurants"
"ECO_ISIC3_I","Economic activity (ISIC-Rev.3.1): I. Transport, storage and communications"
"ECO_ISIC3_J","Economic activity (ISIC-Rev.3.1): J. Financial intermediation"
"ECO_ISIC3_K","Economic activity (ISIC-Rev.3.1): K. Real estate, renting and business activities"
"ECO_ISIC3_L","Economic activity (ISIC-Rev.3.1): L. Public administration and defence; compulsory social security"
"ECO_ISIC3_M","Economic activity (ISIC-Rev.3.1): M. Education"
"ECO_ISIC3_N","Economic activity (ISIC-Rev.3.1): N. Health and social work"
"ECO_ISIC3_O","Economic activity (ISIC-Rev.3.1): O. Other community, social and personal service activities"
"ECO_ISIC3_P","Economic activity (ISIC-Rev.3.1): P. Activities of private households as employers and undifferentiated production activities of private households"
"ECO_ISIC3_Q","Economic activity (ISIC-Rev.3.1): Q. Extraterritorial organizations and bodies"
"ECO_ISIC3_X","Economic activity (ISIC-Rev.3.1): X. Not elsewhere classified"
"ECO_ISIC2_TOTAL","Economic activity (ISIC-Rev.2): Total"
"ECO_ISIC2_1","Economic activity (ISIC-Rev.2): 1. Agriculture, Hunting, Forestry and Fishing"
"ECO_ISIC2_2","Economic activity (ISIC-Rev.2): 2. Mining and Quarrying"
"ECO_ISIC2_3","Economic activity (ISIC-Rev.2): 3. Manufacturing"
"ECO_ISIC2_4","Economic activity (ISIC-Rev.2): 4. Electricity, Gas and Water"
"ECO_ISIC2_5","Economic activity (ISIC-Rev.2): 5. Construction"
"ECO_ISIC2_6","Economic activity (ISIC-Rev.2): 6. Wholesale and Retail Trade and Restaurants and Hotels"
"ECO_ISIC2_7","Economic activity (ISIC-Rev.2): 7. Transport, Storage and Communication"
"ECO_ISIC2_8","Economic activity (ISIC-Rev.2): 8. Financing, Insurance, Real Estate and Business Services"
"ECO_ISIC2_9","Economic activity (ISIC-Rev.2): 9. Community, Social and Personal Services"
"ECO_ISIC2_0","Economic activity (ISIC-Rev.2): 0. Activities not Adequately Defined"
"EC2_ISIC4_TOTAL","Economic activity (ISIC-Rev.4), 2 digit level: Total"
"EC2_ISIC4_A01","Economic activity (ISIC-Rev.4), 2 digit level: 01 - Crop and animal production, hunting and related service activities"
"EC2_ISIC4_A02","Economic activity (ISIC-Rev.4), 2 digit level: 02 - Forestry and logging"
"EC2_ISIC4_A03","Economic activity (ISIC-Rev.4), 2 digit level: 03 - Fishing and aquaculture"
"EC2_ISIC4_B05","Economic activity (ISIC-Rev.4), 2 digit level: 05 - Mining of coal and lignite"
"EC2_ISIC4_B06","Economic activity (ISIC-Rev.4), 2 digit level: 06 - Extraction of crude petroleum and natural gas"
"EC2_ISIC4_B07","Economic activity (ISIC-Rev.4), 2 digit level: 07 - Mining of metal ores"
"EC2_ISIC4_B08","Economic activity (ISIC-Rev.4), 2 digit level: 08 - Other mining and quarrying"
"EC2_ISIC4_B09","Economic activity (ISIC-Rev.4), 2 digit level: 09 - Mining support service activities"
"EC2_ISIC4_C10","Economic activity (ISIC-Rev.4), 2 digit level: 10 - Manufacture of food products"
"EC2_ISIC4_C11","Economic activity (ISIC-Rev.4), 2 digit level: 11 - Manufacture of beverages"
"EC2_ISIC4_C12","Economic activity (ISIC-Rev.4), 2 digit level: 12 - Manufacture of tobacco products"
"EC2_ISIC4_C13","Economic activity (ISIC-Rev.4), 2 digit level: 13 - Manufacture of textiles"
"EC2_ISIC4_C14","Economic activity (ISIC-Rev.4), 2 digit level: 14 - Manufacture of wearing apparel"
"EC2_ISIC4_C15","Economic activity (ISIC-Rev.4), 2 digit level: 15 - Manufacture of leather and related products"
"EC2_ISIC4_C16","Economic activity (ISIC-Rev.4), 2 digit level: 16 - Manufacture of wood and of products of wood and cork, except furniture; manufacture of articles of straw and plaiting materials"
"EC2_ISIC4_C17","Economic activity (ISIC-Rev.4), 2 digit level: 17 - Manufacture of paper and paper products"
"EC2_ISIC4_C18","Economic activity (ISIC-Rev.4), 2 digit level: 18 - Printing and reproduction of recorded media"
"EC2_ISIC4_C19","Economic activity (ISIC-Rev.4), 2 digit level: 19 - Manufacture of coke and refined petroleum products"
"EC2_ISIC4_C20","Economic activity (ISIC-Rev.4), 2 digit level: 20 - Manufacture of chemicals and chemical products"
"EC2_ISIC4_C21","Economic activity (ISIC-Rev.4), 2 digit level: 21 - Manufacture of pharmaceuticals, medicinal chemical and botanical products"
"EC2_ISIC4_C22","Economic activity (ISIC-Rev.4), 2 digit level: 22 - Manufacture of rubber and plastics products"
"EC2_ISIC4_C23","Economic activity (ISIC-Rev.4), 2 digit level: 23 - Manufacture of other non-metallic mineral products"
"EC2_ISIC4_C24","Economic activity (ISIC-Rev.4), 2 digit level: 24 - Manufacture of basic metals"
"EC2_ISIC4_C25","Economic activity (ISIC-Rev.4), 2 digit level: 25 - Manufacture of fabricated metal products, except machinery and equipment"
"EC2_ISIC4_C26","Economic activity (ISIC-Rev.4), 2 digit level: 26 - Manufacture of computer, electronic and optical products"
"EC2_ISIC4_C27","Economic activity (ISIC-Rev.4), 2 digit level: 27 - Manufacture of electrical equipment"
"EC2_ISIC4_C28","Economic activity (ISIC-Rev.4), 2 digit level: 28 - Manufacture of machinery and equipment n.e.c."
"EC2_ISIC4_C29","Economic activity (ISIC-Rev.4), 2 digit level: 29 - Manufacture of motor vehicles, trailers and semi-trailers"
"EC2_ISIC4_C30","Economic activity (ISIC-Rev.4), 2 digit level: 30 - Manufacture of other transport equipment"
"EC2_ISIC4_C31","Economic activity (ISIC-Rev.4), 2 digit level: 31 - Manufacture of furniture"
"EC2_ISIC4_C32","Economic activity (ISIC-Rev.4), 2 digit level: 32 - Other manufacturing"
"EC2_ISIC4_C33","Economic activity (ISIC-Rev.4), 2 digit level: 33 - Repair and installation of machinery and equipment"
"EC2_ISIC4_D35","Economic activity (ISIC-Rev.4), 2 digit level: 35 - Electricity, gas, steam and air conditioning supply"
"EC2_ISIC4_E36","Economic activity (ISIC-Rev.4), 2 digit level: 36 - Water collection, treatment and supply"
"EC2_ISIC4_E37","Economic activity (ISIC-Rev.4), 2 digit level: 37 - Sewerage"
"EC2_ISIC4_E38","Economic activity (ISIC-Rev.4), 2 digit level: 38 - Waste collection, treatment and disposal activities; materials recovery"
"EC2_ISIC4_E39","Economic activity (ISIC-Rev.4), 2 digit level: 39 - Remediation activities and other waste management services"
"EC2_ISIC4_F41","Economic activity (ISIC-Rev.4), 2 digit level: 41 - Construction of buildings"
"EC2_ISIC4_F42","Economic activity (ISIC-Rev.4), 2 digit level: 42 - Civil engineering"
"EC2_ISIC4_F43","Economic activity (ISIC-Rev.4), 2 digit level: 43 - Specialized construction activities"
"EC2_ISIC4_G45","Economic activity (ISIC-Rev.4), 2 digit level: 45 - Wholesale and retail trade and repair of motor vehicles and motorcycles"
"EC2_ISIC4_G46","Economic activity (ISIC-Rev.4), 2 digit level: 46 - Wholesale trade, except of motor vehicles and motorcycles"
"EC2_ISIC4_G47","Economic activity (ISIC-Rev.4), 2 digit level: 47 - Retail trade, except of motor vehicles and motorcycles"
"EC2_ISIC4_H49","Economic activity (ISIC-Rev.4), 2 digit level: 49 - Land transport and transport via pipelines"
"EC2_ISIC4_H50","Economic activity (ISIC-Rev.4), 2 digit level: 50 - Water transport"
"EC2_ISIC4_H51","Economic activity (ISIC-Rev.4), 2 digit level: 51 - Air transport"
"EC2_ISIC4_H52","Economic activity (ISIC-Rev.4), 2 digit level: 52 - Warehousing and support activities for transportation"
"EC2_ISIC4_H53","Economic activity (ISIC-Rev.4), 2 digit level: 53 - Postal and courier activities"
"EC2_ISIC4_I55","Economic activity (ISIC-Rev.4), 2 digit level: 55 - Accommodation"
"EC2_ISIC4_I56","Economic activity (ISIC-Rev.4), 2 digit level: 56 - Food and beverage service activities"
"EC2_ISIC4_J58","Economic activity (ISIC-Rev.4), 2 digit level: 58 - Publishing activities"
"EC2_ISIC4_J59","Economic activity (ISIC-Rev.4), 2 digit level: 59 - Motion picture, video and television programme production, sound recording and music publishing activities"
"EC2_ISIC4_J60","Economic activity (ISIC-Rev.4), 2 digit level: 60 - Programming and broadcasting activities"
"EC2_ISIC4_J61","Economic activity (ISIC-Rev.4), 2 digit level: 61 - Telecommunications"
"EC2_ISIC4_J62","Economic activity (ISIC-Rev.4), 2 digit level: 62 - Computer programming, consultancy and related activities"
"EC2_ISIC4_J63","Economic activity (ISIC-Rev.4), 2 digit level: 63 - Information service activities"
"EC2_ISIC4_K64","Economic activity (ISIC-Rev.4), 2 digit level: 64 - Financial service activities, except insurance and pension funding"
"EC2_ISIC4_K65","Economic activity (ISIC-Rev.4), 2 digit level: 65 - Insurance, reinsurance and pension funding, except compulsory social security"
"EC2_ISIC4_K66","Economic activity (ISIC-Rev.4), 2 digit level: 66 - Activities auxiliary to financial service and insurance activities"
"EC2_ISIC4_L68","Economic activity (ISIC-Rev.4), 2 digit level: 68 - Real estate activities"
"EC2_ISIC4_M69","Economic activity (ISIC-Rev.4), 2 digit level: 69 - Legal and accounting activities"
"EC2_ISIC4_M70","Economic activity (ISIC-Rev.4), 2 digit level: 70 - Activities of head offices; management consultancy activities"
"EC2_ISIC4_M71","Economic activity (ISIC-Rev.4), 2 digit level: 71 - Architectural and engineering activities; technical testing and analysis"
"EC2_ISIC4_M72","Economic activity (ISIC-Rev.4), 2 digit level: 72 - Scientific research and development"
"EC2_ISIC4_M73","Economic activity (ISIC-Rev.4), 2 digit level: 73 - Advertising and market research"
"EC2_ISIC4_M74","Economic activity (ISIC-Rev.4), 2 digit level: 74 - Other professional, scientific and technical activities"
"EC2_ISIC4_M75","Economic activity (ISIC-Rev.4), 2 digit level: 75 - Veterinary activities"
"EC2_ISIC4_N77","Economic activity (ISIC-Rev.4), 2 digit level: 77 - Rental and leasing activities"
"EC2_ISIC4_N78","Economic activity (ISIC-Rev.4), 2 digit level: 78 - Employment activities"
"EC2_ISIC4_N79","Economic activity (ISIC-Rev.4), 2 digit level: 79 - Travel agency, tour operator, reservation service and related activities"
"EC2_ISIC4_N80","Economic activity (ISIC-Rev.4), 2 digit level: 80 - Security and investigation activities"
"EC2_ISIC4_N81","Economic activity (ISIC-Rev.4), 2 digit level: 81 - Services to buildings and landscape activities"
"EC2_ISIC4_N82","Economic activity (ISIC-Rev.4), 2 digit level: 82 - Office administrative, office support and other business support activities"
"EC2_ISIC4_O84","Economic activity (ISIC-Rev.4), 2 digit level: 84 - Public administration and defence; compulsory social security"
"EC2_ISIC4_P85","Economic activity (ISIC-Rev.4), 2 digit level: 85 - Education"
"EC2_ISIC4_Q86","Economic activity (ISIC-Rev.4), 2 digit level: 86 - Human health activities"
"EC2_ISIC4_Q87","Economic activity (ISIC-Rev.4), 2 digit level: 87 - Residential care activities"
"EC2_ISIC4_Q88","Economic activity (ISIC-Rev.4), 2 digit level: 88 - Social work activities without accommodation"
"EC2_ISIC4_R90","Economic activity (ISIC-Rev.4), 2 digit level: 90 - Creative, arts and entertainment activities"
"EC2_ISIC4_R91","Economic activity (ISIC-Rev.4), 2 digit level: 91 - Libraries, archives, museums and other cultural activities"
"EC2_ISIC4_R92","Economic activity (ISIC-Rev.4), 2 digit level: 92 - Gambling and betting activities"
"EC2_ISIC4_R93","Economic activity (ISIC-Rev.4), 2 digit level: 93 - Sports activities and amusement and recreation activities"
"EC2_ISIC4_S94","Economic activity (ISIC-Rev.4), 2 digit level: 94 - Activities of membership organizations"
"EC2_ISIC4_S95","Economic activity (ISIC-Rev.4), 2 digit level: 95 - Repair of computers and personal and household goods"
"EC2_ISIC4_S96","Economic activity (ISIC-Rev.4), 2 digit level: 96 - Other personal service activities"
"EC2_ISIC4_T97","Economic activity (ISIC-Rev.4), 2 digit level: 97 - Activities of households as employers of domestic personnel"
"EC2_ISIC4_T98","Economic activity (ISIC-Rev.4), 2 digit level: 98 - Undifferentiated goods- and services-producing activities of private households for own use"
"EC2_ISIC4_U99","Economic activity (ISIC-Rev.4), 2 digit level: 99 - Activities of extraterritorial organizations and bodies"
"EC2_ISIC4_X","Economic activity (ISIC-Rev.4), 2 digit level: Not elsewhere classified"
"EC2_ISIC3_TOTAL","Economic activity (ISIC-Rev.3.1), 2 digit level: Total"
"EC2_ISIC3_A01","Economic activity (ISIC-Rev.3.1), 2 digit level: 01 - Agriculture, hunting and related service activities"
"EC2_ISIC3_A02","Economic activity (ISIC-Rev.3.1), 2 digit level: 02 - Forestry, logging and related service activities"
"EC2_ISIC3_B05","Economic activity (ISIC-Rev.3.1), 2 digit level: 05 - Fishing, aquaculture and service activities incidental to fishing"
"EC2_ISIC3_C10","Economic activity (ISIC-Rev.3.1), 2 digit level: 10 - Mining of coal and lignite; extraction of peat"
"EC2_ISIC3_C11","Economic activity (ISIC-Rev.3.1), 2 digit level: 11 - Extraction of crude petroleum and natural gas; service activities incidental to oil and gas extraction, excluding surveying"
"EC2_ISIC3_C12","Economic activity (ISIC-Rev.3.1), 2 digit level: 12 - Mining of uranium and thorium ores"
"EC2_ISIC3_C13","Economic activity (ISIC-Rev.3.1), 2 digit level: 13 - Mining of metal ores"
"EC2_ISIC3_C14","Economic activity (ISIC-Rev.3.1), 2 digit level: 14 - Other mining and quarrying"
"EC2_ISIC3_D15","Economic activity (ISIC-Rev.3.1), 2 digit level: 15 - Manufacture of food products and beverages"
"EC2_ISIC3_D16","Economic activity (ISIC-Rev.3.1), 2 digit level: 16 - Manufacture of tobacco products"
"EC2_ISIC3_D17","Economic activity (ISIC-Rev.3.1), 2 digit level: 17 - Manufacture of textiles"
"EC2_ISIC3_D18","Economic activity (ISIC-Rev.3.1), 2 digit level: 18 - Manufacture of wearing apparel; dressing and dyeing of fur"
"EC2_ISIC3_D19","Economic activity (ISIC-Rev.3.1), 2 digit level: 19 - Tanning and dressing of leather; manufacture of luggage, handbags, saddlery, harness and footwear"
"EC2_ISIC3_D20","Economic activity (ISIC-Rev.3.1), 2 digit level: 20 - Manufacture of wood and of products of wood and cork, except furniture; manufacture of articles of straw and plaiting materials"
"EC2_ISIC3_D21","Economic activity (ISIC-Rev.3.1), 2 digit level: 21 - Manufacture of paper and paper products"
"EC2_ISIC3_D22","Economic activity (ISIC-Rev.3.1), 2 digit level: 22 - Publishing, printing and reproduction of recorded media"
"EC2_ISIC3_D23","Economic activity (ISIC-Rev.3.1), 2 digit level: 23 - Manufacture of coke, refined petroleum products and nuclear fuel"
"EC2_ISIC3_D24","Economic activity (ISIC-Rev.3.1), 2 digit level: 24 - Manufacture of chemicals and chemical products"
"EC2_ISIC3_D25","Economic activity (ISIC-Rev.3.1), 2 digit level: 25 - Manufacture of rubber and plastics products"
"EC2_ISIC3_D26","Economic activity (ISIC-Rev.3.1), 2 digit level: 26 - Manufacture of other non-metallic mineral products"
"EC2_ISIC3_D27","Economic activity (ISIC-Rev.3.1), 2 digit level: 27 - Manufacture of basic metals"
"EC2_ISIC3_D28","Economic activity (ISIC-Rev.3.1), 2 digit level: 28 - Manufacture of fabricated metal products, except machinery and equipment"
"EC2_ISIC3_D29","Economic activity (ISIC-Rev.3.1), 2 digit level: 29 - Manufacture of machinery and equipment n.e.c."
"EC2_ISIC3_D30","Economic activity (ISIC-Rev.3.1), 2 digit level: 30 - Manufacture of office, accounting and computing machinery"
"EC2_ISIC3_D31","Economic activity (ISIC-Rev.3.1), 2 digit level: 31 - Manufacture of electrical machinery and apparatus n.e.c."
"EC2_ISIC3_D32","Economic activity (ISIC-Rev.3.1), 2 digit level: 32 - Manufacture of radio, television and communication equipment and apparatus"
"EC2_ISIC3_D33","Economic activity (ISIC-Rev.3.1), 2 digit level: 33 - Manufacture of medical, precision and optical instruments, watches and clocks"
"EC2_ISIC3_D34","Economic activity (ISIC-Rev.3.1), 2 digit level: 34 - Manufacture of motor vehicles, trailers and semi-trailers"
"EC2_ISIC3_D35","Economic activity (ISIC-Rev.3.1), 2 digit level: 35 - Manufacture of other transport equipment"
"EC2_ISIC3_D36","Economic activity (ISIC-Rev.3.1), 2 digit level: 36 - Manufacture of furniture; manufacturing n.e.c."
"EC2_ISIC3_D37","Economic activity (ISIC-Rev.3.1), 2 digit level: 37 - Recycling"
"EC2_ISIC3_E40","Economic activity (ISIC-Rev.3.1), 2 digit level: 40 - Electricity, gas, steam and hot water supply"
"EC2_ISIC3_E41","Economic activity (ISIC-Rev.3.1), 2 digit level: 41 - Collection, purification and distribution of water"
"EC2_ISIC3_F45","Economic activity (ISIC-Rev.3.1), 2 digit level: 45 - Construction"
"EC2_ISIC3_G50","Economic activity (ISIC-Rev.3.1), 2 digit level: 50 - Sale, maintenance and repair of motor vehicles and motorcycles; retail sale of automotive fuel"
"EC2_ISIC3_G51","Economic activity (ISIC-Rev.3.1), 2 digit level: 51 - Wholesale trade and commission trade, except of motor vehicles and motorcycles"
"EC2_ISIC3_G52","Economic activity (ISIC-Rev.3.1), 2 digit level: 52 - Retail trade, except of motor vehicles and motorcycles; repair of personal and household goods"
"EC2_ISIC3_H55","Economic activity (ISIC-Rev.3.1), 2 digit level: 55 - Hotels and restaurants"
"EC2_ISIC3_I60","Economic activity (ISIC-Rev.3.1), 2 digit level: 60 - Land transport; transport via pipelines"
"EC2_ISIC3_I61","Economic activity (ISIC-Rev.3.1), 2 digit level: 61 - Water transport"
"EC2_ISIC3_I62","Economic activity (ISIC-Rev.3.1), 2 digit level: 62 - Air transport"
"EC2_ISIC3_I63","Economic activity (ISIC-Rev.3.1), 2 digit level: 63 - Supporting and auxiliary transport activities; activities of travel agencies"
"EC2_ISIC3_I64","Economic activity (ISIC-Rev.3.1), 2 digit level: 64 - Post and telecommunications"
"EC2_ISIC3_J65","Economic activity (ISIC-Rev.3.1), 2 digit level: 65 - Financial intermediation, except insurance and pension funding"
"EC2_ISIC3_J66","Economic activity (ISIC-Rev.3.1), 2 digit level: 66 - Insurance and pension funding, except compulsory social security"
"EC2_ISIC3_J67","Economic activity (ISIC-Rev.3.1), 2 digit level: 67 - Activities auxiliary to financial intermediation"
"EC2_ISIC3_K70","Economic activity (ISIC-Rev.3.1), 2 digit level: 70 - Real estate activities"
"EC2_ISIC3_K71","Economic activity (ISIC-Rev.3.1), 2 digit level: 71 - Renting of machinery and equipment without operator and of personal and household goods"
"EC2_ISIC3_K72","Economic activity (ISIC-Rev.3.1), 2 digit level: 72 - Computer and related activities"
"EC2_ISIC3_K73","Economic activity (ISIC-Rev.3.1), 2 digit level: 73 - Research and development"
"EC2_ISIC3_K74","Economic activity (ISIC-Rev.3.1), 2 digit level: 74 - Other business activities"
"EC2_ISIC3_L75","Economic activity (ISIC-Rev.3.1), 2 digit level: 75 - Public administration and defence; compulsory social security"
"EC2_ISIC3_M80","Economic activity (ISIC-Rev.3.1), 2 digit level: 80 - Education"
"EC2_ISIC3_N85","Economic activity (ISIC-Rev.3.1), 2 digit level: 85 - Health and social work"
"EC2_ISIC3_O90","Economic activity (ISIC-Rev.3.1), 2 digit level: 90 - Sewage and refuse disposal, sanitation and similar activities"
"EC2_ISIC3_O91","Economic activity (ISIC-Rev.3.1), 2 digit level: 91 - Activities of membership organizations n.e.c."
"EC2_ISIC3_O92","Economic activity (ISIC-Rev.3.1), 2 digit level: 92 - Recreational, cultural and sporting activities"
"EC2_ISIC3_O93","Economic activity (ISIC-Rev.3.1), 2 digit level: 93 - Other service activities"
"EC2_ISIC3_P95","Economic activity (ISIC-Rev.3.1), 2 digit level: 95 - Activities of private households as employers of domestic staff"
"EC2_ISIC3_P96","Economic activity (ISIC-Rev.3.1), 2 digit level: 96 - Undifferentiated goods-producing activities of private households for own use"
"EC2_ISIC3_P97","Economic activity (ISIC-Rev.3.1), 2 digit level: 97 - Undifferentiated service-producing activities of private households for own use"
"EC2_ISIC3_Q99","Economic activity (ISIC-Rev.3.1), 2 digit level: 99 - Extraterritorial organizations and bodies"
"EC2_ISIC3_X","Economic activity (ISIC-Rev.3.1), 2 digit level: Not elsewhere classified"
"OCU_SKILL_TOTAL","Occupation (Skill level): Total"
"OCU_SKILL_L3-4","Occupation (Skill level): Skill levels 3 and 4 ~ high"
"OCU_SKILL_L2","Occupation (Skill level): Skill level 2 ~ medium"
"OCU_SKILL_L1","Occupation (Skill level): Skill level 1 ~ low"
"OCU_SKILL_X","Occupation (Skill level): Not elsewhere classified"
"OCU_DETAILS_TOTAL","Occupation (Detailed): Total"
"OCU_DETAILS_1","Occupation (Detailed): 1. Managers"
"OCU_DETAILS_2","Occupation (Detailed): 2. Professionals"
"OCU_DETAILS_3","Occupation (Detailed): 3. Technicians and associate professionals"
"OCU_DETAILS_4","Occupation (Detailed): 4. Clerical support workers"
"OCU_DETAILS_5","Occupation (Detailed): 5. Service and sales workers"
"OCU_DETAILS_7","Occupation (Detailed): 7. Craft and related trades workers"
"OCU_DETAILS_8","Occupation (Detailed): 8. Plant and machine operators, and assemblers"
"OCU_DETAILS_96","Occupation (Detailed): 96. Elementary occupations and skilled agricultural, forestry and fishery workers"
"OCU_ISCO08_TOTAL","Occupation (ISCO-08): Total"
"OCU_ISCO08_1","Occupation (ISCO-08): 1. Managers"
"OCU_ISCO08_2","Occupation (ISCO-08): 2. Professionals"
"OCU_ISCO08_3","Occupation (ISCO-08): 3. Technicians and associate professionals"
"OCU_ISCO08_4","Occupation (ISCO-08): 4. Clerical support workers"
"OCU_ISCO08_5","Occupation (ISCO-08): 5. Service and sales workers"
"OCU_ISCO08_6","Occupation (ISCO-08): 6. Skilled agricultural, forestry and fishery workers"
"OCU_ISCO08_7","Occupation (ISCO-08): 7. Craft and related trades workers"
"OCU_ISCO08_8","Occupation (ISCO-08): 8. Plant and machine operators, and assemblers"
"OCU_ISCO08_9","Occupation (ISCO-08): 9. Elementary occupations"
"OCU_ISCO08_0","Occupation (ISCO-08): 0. Armed forces occupations"
"OCU_ISCO08_X","Occupation (ISCO-08): X. Not elsewhere classified"
"OCU_ISCO88_TOTAL","Occupation (ISCO-88): Total"
"OCU_ISCO88_1","Occupation (ISCO-88): 1. Legislators, senior officials and managers"
"OCU_ISCO88_2","Occupation (ISCO-88): 2. Professionals"
"OCU_ISCO88_3","Occupation (ISCO-88): 3. Technicians and associate professionals"
"OCU_ISCO88_4","Occupation (ISCO-88): 4. Clerks"
"OCU_ISCO88_5","Occupation (ISCO-88): 5. Service workers and shop and market sales workers"
"OCU_ISCO88_6","Occupation (ISCO-88): 6. Skilled agricultural and fishery workers"
"OCU_ISCO88_7","Occupation (ISCO-88): 7. Craft and related trades workers"
"OCU_ISCO88_8","Occupation (ISCO-88): 8. Plant and machine operators and assemblers"
"OCU_ISCO88_9","Occupation (ISCO-88): 9. Elementary occupations"
"OCU_ISCO88_0","Occupation (ISCO-88): 0. Armed forces"
"OCU_ISCO88_X","Occupation (ISCO-88): X. Not elsewhere classified"
"OC2_ISCO08_TOTAL","Occupation (ISCO-08), 2 digit level: Total"
"OC2_ISCO08_01","Occupation (ISCO-08), 2 digit level: 01 - Commissioned armed forces officers"
"OC2_ISCO08_02","Occupation (ISCO-08), 2 digit level: 02 - Non-commissioned armed forces officers"
"OC2_ISCO08_03","Occupation (ISCO-08), 2 digit level: 03 - Armed forces occupations, other ranks"
"OC2_ISCO08_11","Occupation (ISCO-08), 2 digit level: 11 - Chief executives, senior officials and legislators"
"OC2_ISCO08_12","Occupation (ISCO-08), 2 digit level: 12 - Administrative and commercial managers"
"OC2_ISCO08_13","Occupation (ISCO-08), 2 digit level: 13 - Production and specialised services managers"
"OC2_ISCO08_14","Occupation (ISCO-08), 2 digit level: 14 - Hospitality, retail and other services managers"
"OC2_ISCO08_21","Occupation (ISCO-08), 2 digit level: 21 - Science and engineering professionals"
"OC2_ISCO08_22","Occupation (ISCO-08), 2 digit level: 22 - Health professionals"
"OC2_ISCO08_23","Occupation (ISCO-08), 2 digit level: 23 - Teaching professionals"
"OC2_ISCO08_24","Occupation (ISCO-08), 2 digit level: 24 - Business and administration professionals"
"OC2_ISCO08_25","Occupation (ISCO-08), 2 digit level: 25 - Information and communications technology professionals"
"OC2_ISCO08_26","Occupation (ISCO-08), 2 digit level: 26 - Legal, social and cultural professionals"
"OC2_ISCO08_31","Occupation (ISCO-08), 2 digit level: 31 - Science and engineering associate professionals"
"OC2_ISCO08_32","Occupation (ISCO-08), 2 digit level: 32 - Health associate professionals"
"OC2_ISCO08_33","Occupation (ISCO-08), 2 digit level: 33 - Business and administration associate professionals"
"OC2_ISCO08_34","Occupation (ISCO-08), 2 digit level: 34 - Legal, social, cultural and related associate professionals"
"OC2_ISCO08_35","Occupation (ISCO-08), 2 digit level: 35 - Information and communications technicians"
"OC2_ISCO08_41","Occupation (ISCO-08), 2 digit level: 41 - General and keyboard clerks"
"OC2_ISCO08_42","Occupation (ISCO-08), 2 digit level: 42 - Customer services clerks"
"OC2_ISCO08_43","Occupation (ISCO-08), 2 digit level: 43 - Numerical and material recording clerks"
"OC2_ISCO08_44","Occupation (ISCO-08), 2 digit level: 44 - Other clerical support workers"
"OC2_ISCO08_51","Occupation (ISCO-08), 2 digit level: 51 - Personal service workers"
"OC2_ISCO08_52","Occupation (ISCO-08), 2 digit level: 52 - Sales workers"
"OC2_ISCO08_53","Occupation (ISCO-08), 2 digit level: 53 - Personal care workers"
"OC2_ISCO08_54","Occupation (ISCO-08), 2 digit level: 54 - Protective services workers"
"OC2_ISCO08_61","Occupation (ISCO-08), 2 digit level: 61 - Market-oriented skilled agricultural workers"
"OC2_ISCO08_62","Occupation (ISCO-08), 2 digit level: 62 - Market-oriented skilled forestry, fishery and hunting workers"
"OC2_ISCO08_63","Occupation (ISCO-08), 2 digit level: 63 - Subsistence farmers, fishers, hunters and gatherers"
"OC2_ISCO08_71","Occupation (ISCO-08), 2 digit level: 71 - Building and related trades workers, excluding electricians"
"OC2_ISCO08_72","Occupation (ISCO-08), 2 digit level: 72 - Metal, machinery and related trades workers"
"OC2_ISCO08_73","Occupation (ISCO-08), 2 digit level: 73 - Handicraft and printing workers"
"OC2_ISCO08_74","Occupation (ISCO-08), 2 digit level: 74 - Electrical and electronic trades workers"
"OC2_ISCO08_75","Occupation (ISCO-08), 2 digit level: 75 - Food processing, wood working, garment and other craft and related trades workers"
"OC2_ISCO08_81","Occupation (ISCO-08), 2 digit level: 81 - Stationary plant and machine operators"
"OC2_ISCO08_82","Occupation (ISCO-08), 2 digit level: 82 - Assemblers"
"OC2_ISCO08_83","Occupation (ISCO-08), 2 digit level: 83 - Drivers and mobile plant operators"
"OC2_ISCO08_91","Occupation (ISCO-08), 2 digit level: 91 - Cleaners and helpers"
"OC2_ISCO08_92","Occupation (ISCO-08), 2 digit level: 92 - Agricultural, forestry and fishery labourers"
"OC2_ISCO08_93","Occupation (ISCO-08), 2 digit level: 93 - Labourers in mining, construction, manufacturing and transport"
"OC2_ISCO08_94","Occupation (ISCO-08), 2 digit level: 94 - Food preparation assistants"
"OC2_ISCO08_95","Occupation (ISCO-08), 2 digit level: 95 - Street and related sales and service workers"
"OC2_ISCO08_96","Occupation (ISCO-08), 2 digit level: 96 - Refuse workers and other elementary workers"
"OC2_ISCO08_X","Occupation (ISCO-08), 2 digit level: Not elsewhere classified"
"OC2_ISCO88_TOTAL","Occupation (ISCO-88), 2 digit level: Total"
"OC2_ISCO88_01","Occupation (ISCO-88), 2 digit level: 01 - Armed forces"
"OC2_ISCO88_11","Occupation (ISCO-88), 2 digit level: 11 - Legislators and senior officials"
"OC2_ISCO88_12","Occupation (ISCO-88), 2 digit level: 12 - Corporate managers"
"OC2_ISCO88_13","Occupation (ISCO-88), 2 digit level: 13 - General managers"
"OC2_ISCO88_21","Occupation (ISCO-88), 2 digit level: 21 - Physical, mathematical and engineering science professionals"
"OC2_ISCO88_22","Occupation (ISCO-88), 2 digit level: 22 - Life science and health professionals"
"OC2_ISCO88_23","Occupation (ISCO-88), 2 digit level: 23 - Teaching professionals"
"OC2_ISCO88_24","Occupation (ISCO-88), 2 digit level: 24 - Other professionals"
"OC2_ISCO88_31","Occupation (ISCO-88), 2 digit level: 31 - Physical and engineering science associate professionals"
"OC2_ISCO88_32","Occupation (ISCO-88), 2 digit level: 32 - Life science and health associate professionals"
"OC2_ISCO88_33","Occupation (ISCO-88), 2 digit level: 33 - Teaching associate professionals"
"OC2_ISCO88_34","Occupation (ISCO-88), 2 digit level: 34 - Other associate professionals"
"OC2_ISCO88_41","Occupation (ISCO-88), 2 digit level: 41 - Office clerks"
"OC2_ISCO88_42","Occupation (ISCO-88), 2 digit level: 42 - Customer services clerks"
"OC2_ISCO88_51","Occupation (ISCO-88), 2 digit level: 51 - Personal and protective services workers"
"OC2_ISCO88_52","Occupation (ISCO-88), 2 digit level: 52 - Models, salespersons and demonstrators"
"OC2_ISCO88_61","Occupation (ISCO-88), 2 digit level: 61 - Market-oriented skilled agricultural and fishery workers"
"OC2_ISCO88_62","Occupation (ISCO-88), 2 digit level: 62 - Subsistence agricultural and fishery workers"
"OC2_ISCO88_71","Occupation (ISCO-88), 2 digit level: 71 - Extraction and building trades workers"
"OC2_ISCO88_72","Occupation (ISCO-88), 2 digit level: 72 - Metal, machinery and related trades workers"
"OC2_ISCO88_73","Occupation (ISCO-88), 2 digit level: 73 - Precision, handicraft, printing and related trades workers"
"OC2_ISCO88_74","Occupation (ISCO-88), 2 digit level: 74 - Other craft and related trades workers"
"OC2_ISCO88_81","Occupation (ISCO-88), 2 digit level: 81 - Stationary-plant and related operators"
"OC2_ISCO88_82","Occupation (ISCO-88), 2 digit level: 82 - Machine operators and assemblers"
"OC2_ISCO88_83","Occupation (ISCO-88), 2 digit level: 83 - Drivers and mobile-plant operators"
"OC2_ISCO88_91","Occupation (ISCO-88), 2 digit level: 91 - Sales and services elementary occupations"
"OC2_ISCO88_92","Occupation (ISCO-88), 2 digit level: 92 - Agricultural, fishery and related labourers"
"OC2_ISCO88_93","Occupation (ISCO-88), 2 digit level: 93 - Labourers in mining, construction, manufacturing and transport"
"OC2_ISCO88_X","Occupation (ISCO-88), 2 digit level: Not elsewhere classified"
"INS_SECTOR_TOTAL","Institutional sector: Total"
"INS_SECTOR_PUB","Institutional sector: Public"
"INS_SECTOR_PRI","Institutional sector: Private"
"INS_SECTOR_X","Institutional sector: Not elsewhere classified"
"EST_SIZEAGGREGATE_TOTAL","Establishment size (Aggregate): Total"
"EST_SIZEAGGREGATE_S1-4","Establishment size (Aggregate): 1-4 persons"
"EST_SIZEAGGREGATE_S5-49","Establishment size (Aggregate): 5-49 persons"
"EST_SIZEAGGREGATE_SGE50","Establishment size (Aggregate): 50+ persons"
"EST_SIZEAGGREGATE_X","Establishment size (Aggregate): Not stated"
"EST_SIZEDETAILS_TOTAL","Establishment size (Detailed): Total"
"EST_SIZEDETAILS_S1","Establishment size (Detailed): 1 person"
"EST_SIZEDETAILS_S2-4","Establishment size (Detailed): 2-4 persons"
"EST_SIZEDETAILS_S5-9","Establishment size (Detailed): 5-9 persons"
"EST_SIZEDETAILS_S10-19","Establishment size (Detailed): 10-19 persons"
"EST_SIZEDETAILS_S20-49","Establishment size (Detailed): 20-49 persons"
"EST_SIZEDETAILS_SGE50","Establishment size (Detailed): 50+ persons"
"EST_SIZEDETAILS_X","Establishment size (Detailed): Not stated"
"HOW_BANDS_TOTAL","Hour bands: Total"
"HOW_BANDS_H00","Hour bands: No hours actually worked"
"HOW_BANDS_H01-14","Hour bands: 1-14"
"HOW_BANDS_H15-24","Hour bands: 15-24"
"HOW_BANDS_H15-29","Hour bands: 15-29"
"HOW_BANDS_H25-34","Hour bands: 25-34"
"HOW_BANDS_H30-34","Hour bands: 30-34"
"HOW_BANDS_H35-39","Hour bands: 35-39"
"HOW_BANDS_H40-48","Hour bands: 40-48"
"HOW_BANDS_H49-59","Hour bands: 49-59"
"HOW_BANDS_HGE49","Hour bands: 49+"
"HOW_BANDS_HGE60","Hour bands: 60+"
"HOW_BANDS_X","Hour bands: Not elsewhere classified"
"MJH_AGGREGATE_TOTAL","Multiple job holders: Total"
"MJH_AGGREGATE_ONE","Multiple job holders: One job only "
"MJH_AGGREGATE_MULTI","Multiple job holders: More than one job"
"MJH_AGGREGATE_X","Multiple job holders: Not elsewhere classified"
"JOB_CONTRACT_TOTAL","Contract type: Total"
"JOB_CONTRACT_PERM","Contract type: Permanent"
"JOB_CONTRACT_TEMP","Contract type: Temporary"
"JOB_CONTRACT_X","Contract type: Unknown"
"JOB_TIME_TOTAL","Working time arrangement: Total"
"JOB_TIME_PART","Working time arrangement: Part-time"
"JOB_TIME_FULL","Working time arrangement: Full-time"
"JOB_TIME_X","Working time arrangement: Unknown"
"CLA_ECOCLA_TOTAL","Economic class: Total"
"CLA_ECOCLA_USDLT2","Economic class: Extremely poor < USD 2.15 PPP"
"CLA_ECOCLA_USDGE2LT3","Economic class: Moderately poor >= USD 2.15 and < USD 3.65 PPP"
"CLA_ECOCLA_USDGE3","Economic class: >= USD 3.65 PPP"
"CLA_ECOCLA_USDGE3LT5","Economic class: Near poor >= USD 3.65 and < USD 6.85 PPP"
"CLA_ECOCLA_USDGE5","Economic class: >= USD 6.85 PPP"
"CAT_UNE_TOTAL","Type of unemployment: Total"
"CAT_UNE_PRE","Type of unemployment: Unemployed previously employed"
"CAT_UNE_FJS","Type of unemployment: Unemployed seeking their first job"
"CAT_UNE_UNK","Type of unemployment: Not elsewhere classified"
"DUR_AGGREGATE_TOTAL","Duration (Aggregate): Total"
"DUR_AGGREGATE_MLT6","Duration (Aggregate): Less than 6 months"
"DUR_AGGREGATE_MGE6LT12","Duration (Aggregate): 6 months to less than 12 months"
"DUR_AGGREGATE_MLT12","Duration (Aggregate): Less than 12 months"
"DUR_AGGREGATE_MGE12","Duration (Aggregate): 12 months or more"
"DUR_AGGREGATE_X","Duration (Aggregate): Not elsewhere classified"
"DUR_DETAILS_TOTAL","Duration (Detailed): Total"
"DUR_DETAILS_MLT1","Duration (Detailed): Less than 1 month"
"DUR_DETAILS_MGE1LT3","Duration (Detailed): 1 month to less than 3 months"
"DUR_DETAILS_MLT3","Duration (Detailed): Less than 3 months"
"DUR_DETAILS_MGE3LT6","Duration (Detailed): 3 months to less than 6 months"
"DUR_DETAILS_MGE6LT12","Duration (Detailed): 6 months to less than 12 months"
"DUR_DETAILS_MGE12LT24","Duration (Detailed): 12 months to less than 24 months"
"DUR_DETAILS_MGE24","Duration (Detailed): 24 months or more"
"DUR_DETAILS_X","Duration (Detailed): Not elsewhere classified"
"TRA_STAGE_TOTAL","Transition stages: Total"
"TRA_STAGE_1","Transition stages: 1 - Transited"
"TRA_STAGE_2","Transition stages: 2 - In transition"
"TRA_STAGE_3","Transition stages: 3 - Transition not yet started"
"TRA_STAGE_4","Transition stages: X - Not elsewhere classified"
"TRA_FORMS_TOTAL","Transition forms: Total"
"TRA_FORMS_1","Transition forms: 1 - School leavers in stable employment"
"TRA_FORMS_2","Transition forms: 2 - School leavers in satisfactory temporary or self-employment, not wanting to change job"
"TRA_FORMS_3","Transition forms: 3 - Students in the labour force"
"TRA_FORMS_4","Transition forms: 4 - Unemployed school leavers"
"TRA_FORMS_5","Transition forms: 5 - School leavers in non-stable or non-satisfactory employment, wanting to change job"
"TRA_FORMS_6","Transition forms: 6 - Outside the labour force - school leavers in potential labour force or aiming to look for work later"
"TRA_FORMS_7","Transition forms: 7 - Outside the labour force - students"
"TRA_FORMS_8","Transition forms: 8 - Outside the labour force - school leavers with no intention of looking for work"
"TRA_FORMS_9","Transition forms: 9 - Not elsewhere classified"
"VOL_TYPE_TOTAL","Type of work: Total"
"VOL_TYPE_ORG","Type of work: Organization-based"
"VOL_TYPE_DIRECT","Type of work: Direct"
"WBL_PMT_TOTAL","Paid or unpaid: Total trainees"
"WBL_PMT_YES","Paid or unpaid: Paid"
"WBL_PMT_NO","Paid or unpaid: Unpaid"
"WBL_TYPE_TOTAL","Type of trainee: Total trainees"
"WBL_TYPE_APP","Type of trainee: Apprentices"
"WBL_TYPE_OTH","Type of trainee: Other trainees"
"WBL_TYPE_X","Type of trainee: Not classified"
"WBL_DETAILS_TOTAL","Detailed: Total trainees"
"WBL_DETAILS_APPPD","Detailed: Paid apprentices"
"WBL_DETAILS_OTHPD","Detailed: Other paid trainees"
"WBL_DETAILS_APPUNPD","Detailed: Unpaid apprentices"
"WBL_DETAILS_OTHUNPD","Detailed: Other unpaid trainees"
"WBL_DETAILS_X","Detailed: Not classified"
"CUR_TYPE_LCU","Currency: Local currency"
"CUR_TYPE_PPP","Currency: 2017 PPP $"
"CUR_TYPE_USD","Currency: U.S. dollars"
"MIG_STATUS_TOTAL","Migrant status: Total"
"MIG_STATUS_MIGRANT","Migrant status: Migrants"
"MIG_STATUS_NONMIG","Migrant status: Non migrants"
"MIG_STATUS_MIGRANTEU","Migrant status: EU Migrants"
"MIG_STATUS_MIGRANTNOTEU","Migrant status: Migrants excluding EU"
"MIG_STATUS_X","Migrant status: Unknown"
